keyword,tag,target_url,rationale
pickleball court contractors,pickleball,https://www.concretewaco.com/sports-court-coating-waco-tx,Primary commercial plural identified in Semrush
pickleball court contractors near me,pickleball,https://www.concretewaco.com/sports-court-coating-waco-tx,High-intent local variation identified in Semrush
pickleball court contractor,pickleball,https://www.concretewaco.com/sports-court-coating-waco-tx,Commercial seed term identified in Semrush
professional pickleball court contractor,pickleball,https://www.concretewaco.com/sports-court-coating-waco-tx,Commercial variation identified in Semrush
backyard pickleball court contractor,pickleball,https://www.concretewaco.com/sports-court-coating-waco-tx,Residential project variation identified in Semrush
pickleball court contractor waco tx,pickleball;waco,https://www.concretewaco.com/sports-court-coating-waco-tx,Primary local service query
pickleball court construction waco tx,pickleball;waco,https://www.concretewaco.com/sports-court-coating-waco-tx,Local construction query
pickleball court builder waco tx,pickleball;waco,https://www.concretewaco.com/sports-court-coating-waco-tx,Local builder synonym
pickleball court concrete waco tx,pickleball;waco,https://www.concretewaco.com/sports-court-coating-waco-tx,Matches SLA concrete scope
backyard pickleball court waco tx,pickleball;waco,https://www.concretewaco.com/sports-court-coating-waco-tx,Local residential project query
